SET IDENTITY_INSERT School ON;

INSERT INTO School(Id, [Name], [Number], Phone)
VALUES (1, N'Мариупольская специализированная школа I-III ступеней № 40 имени Миська Евгения Михайловича Мариупольского городского совета Донецкой области', '40', '0629512148'),
(2, N'Мариупольский учебно-воспитательный комплекс "Школа-лицей информационных технологий" №69 Мариупольского городского совета Донецкой области', '69', '0629243453')

SET IDENTITY_INSERT School OFF;
GO

SET IDENTITY_INSERT Class ON;

INSERT INTO Class (Id, [Name], SchoolId)
VALUES (1, N'1а', 1),
(2, N'1б', 1),
(3, N'1в', 1),
(4, N'1а', 2),
(5, N'1б', 2),
(6, N'1в', 2)

SET IDENTITY_INSERT Class OFF;
GO

INSERT INTO Student (LastName, [FirstName], Patronymic, [Phone], ClassId)
VALUES (N'Богачев', N'Густавели', N'Юрьевич', '9507429089', 1),
(N'Калашников', N'Фирдавес', N'Андреевич', '9388754760', 1),
(N'Васнецова', N'Утена', N'Виталиевна', '9247494623', 1),
(N'Просветова', N'Сирила', N'Алексеевна', '9887374394', 1),
(N'Гаврилова', N'Мирим', N'Тимофеевна', '9798522427', 1),

(N'Игнатьев', N'Аксентий', N'Данилович', '9256945493', 2),
(N'Левченко', N'Одар', N'Геннадьевич', '9459921221', 2),
(N'Власов', N'Магне', N'Васильевич', '9594491152', 2),
(N'Мищенко', N'Вавилия', N'Ярославовна', '9463328347', 2),
(N'Валинин', N'Алексай', N'Степанович', '9376729028', 2),

(N'Меньшова', N'Феззе', N'Евгеньевна', '9026817863', 3),
(N'Фёдорова', N'Килина', N'Владимировна', '9991452521', 3),
(N'Львова', N'Бостон', N'Семеновна', '9303102165', 3),
(N'Качалов', N'Бадруди', N'Альбертович', '9869433272', 3),
(N'Федорова', N'Сайма', N'Валерьевна', '9273841137', 3),

(N'Васнецов', N'Витезслав', N'Федорович', '9782395561', 4),
(N'Ерофеева', N'Адула', N'Алексеевна', '9296344356', 4),
(N'Орлова', N'Абаханум', N'Тимофеевна', '9147136719', 4),
(N'Литвинов', N'Эльвег', N'Константинович', '9152453174', 4),
(N'Алтырева', N'Барбери', N'Игоревна', '9035597243', 4),

(N'Соколова', N'Синклентикия', N'Анатольевна', '9515662863', 5),
(N'Белозёрова', N'Вайетта', N'Павловна', '9863199434', 5),
(N'Ерофеева', N'Комеш', N'Робертовна', '9633816752', 5),
(N'Довлатова', N'Дастина', N'Станиславовна', '9584445495', 5),
(N'Демидович', N'Мичислава', N'Матвеевна', '9472956977', 5),

(N'Маврин', N'Ализов', N'Миронович', '9124518273', 6),
(N'Кропотов', N'Аод', N'Викторович', '9744527875', 6),
(N'Соболев', N'Фрэйзер', N'Давидович', '9621705683', 6),
(N'Константинова', N'Жарият', N'Сергеевна', '9834534379', 6),
(N'Репин', N'Никита', N'Анатольевич', '9072512936', 6);
GO